[
  {
    "id": "demo_luna",
    "name": "Luna",
    "sex": "F",
    "breed": "Labrador",
    "age": 2,
    "km": 1.2,
    "verified": true,
    "bio": "Amante dei parchi",
    "images": [
      "img/demo/luna_1.webp",
      "img/demo/luna_2.webp",
      "img/demo/luna_3.webp"
    ],
    "demo": true
  },
  {
    "id": "demo_rocky",
    "name": "Rocky",
    "sex": "M",
    "breed": "Beagle",
    "age": 3,
    "km": 2.5,
    "verified": true,
    "bio": "Corre come il vento",
    "images": [
      "img/demo/rocky_1.webp",
      "img/demo/rocky_2.webp",
      "img/demo/rocky_3.webp"
    ],
    "demo": true
  },
  {
    "id": "demo_maya",
    "name": "Maya",
    "sex": "F",
    "breed": "Husky",
    "age": 4,
    "km": 3.1,
    "verified": false,
    "bio": "Dolcissima",
    "images": [
      "img/demo/maya_1.webp",
      "img/demo/maya_2.webp",
      "img/demo/maya_3.webp"
    ],
    "demo": true
  },
  {
    "id": "demo_otto",
    "name": "Otto",
    "sex": "M",
    "breed": "Maltese",
    "age": 2,
    "km": 0.9,
    "verified": true,
    "bio": "Coccolone",
    "images": [
      "img/demo/otto_1.webp",
      "img/demo/otto_2.webp",
      "img/demo/otto_3.webp"
    ],
    "demo": true
  },
  {
    "id": "demo_nala",
    "name": "Nala",
    "sex": "F",
    "breed": "Golden Retriever",
    "age": 3,
    "km": 1.8,
    "verified": true,
    "bio": "Sorriso contagioso",
    "images": [
      "img/demo/nala_1.webp",
      "img/demo/nala_2.webp",
      "img/demo/nala_3.webp"
    ],
    "demo": true
  },
  {
    "id": "demo_toby",
    "name": "Toby",
    "sex": "M",
    "breed": "Jack Russell",
    "age": 5,
    "km": 2.0,
    "verified": false,
    "bio": "Piccolo razzo",
    "images": [
      "img/demo/toby_1.webp",
      "img/demo/toby_2.webp",
      "img/demo/toby_3.webp"
    ],
    "demo": true
  },
  {
    "id": "demo_zoe",
    "name": "Zoe",
    "sex": "F",
    "breed": "Barboncino",
    "age": 1,
    "km": 0.7,
    "verified": true,
    "bio": "Riccioli perfetti",
    "images": [
      "img/demo/zoe_1.webp",
      "img/demo/zoe_2.webp",
      "img/demo/zoe_3.webp"
    ],
    "demo": true
  },
  {
    "id": "demo_max",
    "name": "Max",
    "sex": "M",
    "breed": "Pastore Tedesco",
    "age": 6,
    "km": 4.2,
    "verified": true,
    "bio": "Fedele guardiano",
    "images": [
      "img/demo/max_1.webp",
      "img/demo/max_2.webp",
      "img/demo/max_3.webp"
    ],
    "demo": true
  }
]